<?xml version="1.0" encoding="UTF-8"?>
<rows>
  <row>
    <id>0</id>
    <Ref_No>16352w</Ref_No>
    <Inventory_No>2185-36</Inventory_No>
    <Artist>BAIZERMAN, Eugenie</Artist>
    <getty_url>http://vocab.getty.edu/ulan/500465604</getty_url>
    <Description>Sale  2185 christie's interiors 30 June - 1 July 2009 New York, Rockefeller Plaza Eugenie Baizerman (AMERICAN, 1899-1949) Figure of Venus #11; and a companion painting\nthe first oil on canvas laid down on board
the first 7¼ x 9½ in. (18.4 x 24.1 cm.) (2)</Description>
    <Medium>oil on canvas laid down on board</Medium>
    <Dimension_H>24.1</Dimension_H>
    <Dimension_W>18.4</Dimension_W>
    <Dimension_D></Dimension_D>
    <Type>Painting</Type>
    <birth_date_P81a>1899-10-14T00:00:00Z</birth_date_P81a>
    <birth_date_P81b>1899-10-14T23:59:59Z</birth_date_P81b>
    <place_of_birth>Warsaw</place_of_birth>
    <place_of_birth_WKT>POINT (21.033333333333 52.216666666667)</place_of_birth_WKT>
    <country_of_birth>Poland</country_of_birth>
    <death_date_P81a>1949-12-30T00:00:00Z</death_date_P81a>
    <death_date_P81b>1949-12-30T23:59:59Z</death_date_P81b>
    <place_of_death>New York City</place_of_death>
    <place_of_death_WKT>POINT (-73.94 40.67)</place_of_death_WKT>
    <country_of_death>United States of America</country_of_death>
    <gender_name>female</gender_name>
    <Owner>Christie's</Owner>
    <Place>New York</Place>
    <owner_place>New York City</owner_place>
    <owner_place_wkt>POINT (-73.94 40.67)</owner_place_wkt>
    <owner_country>United States of America</owner_country>
    <Title>Figure of Venus #11</Title>
    <year_P82b_datetime>1925-12-31T00:00:00Z</year_P82b_datetime>
    <year_P82a_datetime>1925-01-01T00:00:00Z</year_P82a_datetime>
    <Year_Type>circa</Year_Type>
  </row>
  <row>
    <id>1</id>
    <Ref_No>013w</Ref_No>
    <Inventory_No>40</Inventory_No>
    <Artist>TWOMBLY, Cy</Artist>
    <getty_url>http://vocab.getty.edu/ulan/500032301</getty_url>
    <Description>Oil stick, pencil, collage. Private collection. © 2003/4 Cy Twombly. Photo courtesy Gagosian Gallery.\nzie > Cy Twombly. A Retrospective opened at the Museum of Modern Art, New York [Sept. 25, 1994-Jan. 10, 1995]. It travels to the Menil Collection, Houston [Feb. 7-Mar. 19], the Museum of Contemporary Art, Los Angeles [Apr 9-June 251 and the National Gallery Berlin [Sept. 1-Nov. 19]. The Cy Twombly Gallery at the Menil Collection, a 9,350-square-foot pavilion designed by Renzo Piano at a cost of $4.2 million and containing approximately 35 major works from 1954 to 1994, opens in Houston this month.

Author Brooks Adams is a free-lance writer living in New York.

Art In America

(Copyright 1995 Brant Publications, Inc. Art In America) 
http://www.cytwombly.info/twombly_writings1.htm</Description>
    <Medium>oil stick, pencil, collage.</Medium>
    <Dimension_H>150</Dimension_H>
    <Dimension_W>137</Dimension_W>
    <Dimension_D></Dimension_D>
    <Type>Collage</Type>
    <birth_date_P81a>1928-04-25T00:00:00Z</birth_date_P81a>
    <birth_date_P81b>1928-04-25T23:59:59Z</birth_date_P81b>
    <place_of_birth>Lexington</place_of_birth>
    <place_of_birth_WKT>POINT (-79.4428157 37.7840208)</place_of_birth_WKT>
    <country_of_birth>United States of America</country_of_birth>
    <death_date_P81a>2011-07-05T00:00:00Z</death_date_P81a>
    <death_date_P81b>2011-07-05T23:59:59Z</death_date_P81b>
    <place_of_death>Rome</place_of_death>
    <place_of_death_WKT>POINT (12.482777777778 41.893055555556)</place_of_death_WKT>
    <country_of_death>Italy</country_of_death>
    <gender_name>male</gender_name>
    <Owner></Owner>
    <Place></Place>
    <owner_place></owner_place>
    <owner_place_wkt></owner_place_wkt>
    <owner_country></owner_country>
    <Title>Aphrodite Venus Anadyomene</Title>
    <year_P82b_datetime>1975-12-31T00:00:00Z</year_P82b_datetime>
    <year_P82a_datetime>1975-01-01T00:00:00Z</year_P82a_datetime>
    <Year_Type></Year_Type>
  </row>
  <row>
    <id>2</id>
    <Ref_No>262w</Ref_No>
    <Inventory_No></Inventory_No>
    <Artist>WARHOL, Andy</Artist>
    <getty_url>http://vocab.getty.edu/ulan/500006031</getty_url>
    <Description>Birth of Venus (Details of Renaissance Paintings), 1984</Description>
    <Medium>screenprint in colors</Medium>
    <Dimension_H>63.6</Dimension_H>
    <Dimension_W>94</Dimension_W>
    <Dimension_D></Dimension_D>
    <Type>Print</Type>
    <birth_date_P81a>1928-08-06T00:00:00Z</birth_date_P81a>
    <birth_date_P81b>1928-08-06T23:59:59Z</birth_date_P81b>
    <place_of_birth>Pittsburgh</place_of_birth>
    <place_of_birth_WKT>POINT (-80 40.45)</place_of_birth_WKT>
    <country_of_birth>United States of America</country_of_birth>
    <death_date_P81a>1987-02-22T00:00:00Z</death_date_P81a>
    <death_date_P81b>1987-02-22T23:59:59Z</death_date_P81b>
    <place_of_death>New York City</place_of_death>
    <place_of_death_WKT>POINT (-73.94 40.67)</place_of_death_WKT>
    <country_of_death>United States of America</country_of_death>
    <gender_name>male</gender_name>
    <Owner></Owner>
    <Place></Place>
    <owner_place></owner_place>
    <owner_place_wkt></owner_place_wkt>
    <owner_country></owner_country>
    <Title>Birth of Venus II.?</Title>
    <year_P82b_datetime>1984-12-31T00:00:00Z</year_P82b_datetime>
    <year_P82a_datetime>1984-01-01T00:00:00Z</year_P82a_datetime>
    <Year_Type></Year_Type>
  </row>
  <row>
    <id>3</id>
    <Ref_No>267w</Ref_No>
    <Inventory_No></Inventory_No>
    <Artist>WARHOL, Andy</Artist>
    <getty_url>http://vocab.getty.edu/ulan/500006031</getty_url>
    <Description>Edition: 70, 18 AP, 5 PP, 5 HC.\nCatalogue: Feldmann &amp; Schellmann, II 319.
Each print signed and numbered in pencil (lower left) AP 12/18 Paper: 32 x 44 inches (81.3 x 111.8 cm). Image: 25 x 37 inches (63.5 x 94 cm).</Description>
    <Medium>screenprint in colors</Medium>
    <Dimension_H>63.6</Dimension_H>
    <Dimension_W>94</Dimension_W>
    <Dimension_D></Dimension_D>
    <Type>Print</Type>
    <birth_date_P81a>1928-08-06T00:00:00Z</birth_date_P81a>
    <birth_date_P81b>1928-08-06T23:59:59Z</birth_date_P81b>
    <place_of_birth>Pittsburgh</place_of_birth>
    <place_of_birth_WKT>POINT (-80 40.45)</place_of_birth_WKT>
    <country_of_birth>United States of America</country_of_birth>
    <death_date_P81a>1987-02-22T00:00:00Z</death_date_P81a>
    <death_date_P81b>1987-02-22T23:59:59Z</death_date_P81b>
    <place_of_death>New York City</place_of_death>
    <place_of_death_WKT>POINT (-73.94 40.67)</place_of_death_WKT>
    <country_of_death>United States of America</country_of_death>
    <gender_name>male</gender_name>
    <Owner>Coskun Fine Art</Owner>
    <Place>London</Place>
    <owner_place>London</owner_place>
    <owner_place_wkt>POINT (-0.1275 51.507222222222)</owner_place_wkt>
    <owner_country>United Kingdom</owner_country>
    <Title>Birth of Venus II 319</Title>
    <year_P82b_datetime>1984-12-31T00:00:00Z</year_P82b_datetime>
    <year_P82a_datetime>1984-01-01T00:00:00Z</year_P82a_datetime>
    <Year_Type></Year_Type>
  </row>
  <row>
    <id>4</id>
    <Ref_No>268w</Ref_No>
    <Inventory_No>AP 12/18</Inventory_No>
    <Artist>WARHOL, Andy</Artist>
    <getty_url>http://vocab.getty.edu/ulan/500006031</getty_url>
    <Description>Each print signed and numbered in pencil (lower left) AP 12/18  SIZE:  Paper: 32 x 44 inches (81.3 x 111.8 cm). Images: 25 x 37 inches (63.5 x 94 cm).  PRICE:  Contact Gallery for Price  DESCRIPTION:  Edition: 70, 18 AP, 5 PP, 5 HC.Catalogue: Feldmann &amp; Schellmann, II.318</Description>
    <Medium>screenprint in colors 27/70”</Medium>
    <Dimension_H>63.5</Dimension_H>
    <Dimension_W>94</Dimension_W>
    <Dimension_D></Dimension_D>
    <Type>Print</Type>
    <birth_date_P81a>1928-08-06T00:00:00Z</birth_date_P81a>
    <birth_date_P81b>1928-08-06T23:59:59Z</birth_date_P81b>
    <place_of_birth>Pittsburgh</place_of_birth>
    <place_of_birth_WKT>POINT (-80 40.45)</place_of_birth_WKT>
    <country_of_birth>United States of America</country_of_birth>
    <death_date_P81a>1987-02-22T00:00:00Z</death_date_P81a>
    <death_date_P81b>1987-02-22T23:59:59Z</death_date_P81b>
    <place_of_death>New York City</place_of_death>
    <place_of_death_WKT>POINT (-73.94 40.67)</place_of_death_WKT>
    <country_of_death>United States of America</country_of_death>
    <gender_name>male</gender_name>
    <Owner>Coskun Fine Art</Owner>
    <Place>London</Place>
    <owner_place>London</owner_place>
    <owner_place_wkt>POINT (-0.1275 51.507222222222)</owner_place_wkt>
    <owner_country>United Kingdom</owner_country>
    <Title>Birth of Venus II.318</Title>
    <year_P82b_datetime>1984-12-31T00:00:00Z</year_P82b_datetime>
    <year_P82a_datetime>1984-01-01T00:00:00Z</year_P82a_datetime>
    <Year_Type></Year_Type>
  </row>
  <row>
    <id>5</id>
    <Ref_No>269w</Ref_No>
    <Inventory_No></Inventory_No>
    <Artist>WARHOL, Andy</Artist>
    <getty_url>http://vocab.getty.edu/ulan/500006031</getty_url>
    <Description>Each print signed and numbered in pencil (lower left) AP 12/18  SIZE:  Paper: 32 x 44 inches (81.3 x 111.8 cm).Image: 25 x 37 inches (63.5 x 94 cm).  PRICE:  Contact Gallery for Price  DESCRIPTION:  Edition: 70, 18 AP, 5 PP, 5 HC. Catalogue: Reldmann &amp; Schellmann. II.317</Description>
    <Medium>screenprint in colors</Medium>
    <Dimension_H>63.6</Dimension_H>
    <Dimension_W>94</Dimension_W>
    <Dimension_D></Dimension_D>
    <Type>Print</Type>
    <birth_date_P81a>1928-08-06T00:00:00Z</birth_date_P81a>
    <birth_date_P81b>1928-08-06T23:59:59Z</birth_date_P81b>
    <place_of_birth>Pittsburgh</place_of_birth>
    <place_of_birth_WKT>POINT (-80 40.45)</place_of_birth_WKT>
    <country_of_birth>United States of America</country_of_birth>
    <death_date_P81a>1987-02-22T00:00:00Z</death_date_P81a>
    <death_date_P81b>1987-02-22T23:59:59Z</death_date_P81b>
    <place_of_death>New York City</place_of_death>
    <place_of_death_WKT>POINT (-73.94 40.67)</place_of_death_WKT>
    <country_of_death>United States of America</country_of_death>
    <gender_name>male</gender_name>
    <Owner>Coskun Fine Art</Owner>
    <Place>London</Place>
    <owner_place>London</owner_place>
    <owner_place_wkt>POINT (-0.1275 51.507222222222)</owner_place_wkt>
    <owner_country>United Kingdom</owner_country>
    <Title>Birth of Venus II.317</Title>
    <year_P82b_datetime>1984-12-31T00:00:00Z</year_P82b_datetime>
    <year_P82a_datetime>1984-01-01T00:00:00Z</year_P82a_datetime>
    <Year_Type></Year_Type>
  </row>
  <row>
    <id>6</id>
    <Ref_No>287w</Ref_No>
    <Inventory_No></Inventory_No>
    <Artist>BASQUIAT, Jean-Michel</Artist>
    <getty_url>http://vocab.getty.edu/ulan/500093239</getty_url>
    <Description>Venus\n\tHERSTELLER:  	Jean-Michel Basquiat (American, 1960–1988)
	ENTSTEHUNGSJAHR:  	1983
	KATEGORIE:  	Malerei
	MATERIAL:  	Acrylic &amp; oilstick on canvas
	GRÖSSE:  	h: 53 x w: 40 in / h: 134,6 x w: 101,6 cm
	PREIS*:  	Contact Gallery for Price
	GALERIE:  	Tony Shafrazi Gallery</Description>
    <Medium>acrylic &amp; oilstick on canvas</Medium>
    <Dimension_H>135</Dimension_H>
    <Dimension_W>102</Dimension_W>
    <Dimension_D></Dimension_D>
    <Type>Painting</Type>
    <birth_date_P81a>1960-12-22T00:00:00Z</birth_date_P81a>
    <birth_date_P81b>1960-12-22T23:59:59Z</birth_date_P81b>
    <place_of_birth>Paris</place_of_birth>
    <place_of_birth_WKT>POINT (2.3513888888889 48.856944444444)</place_of_birth_WKT>
    <country_of_birth>France</country_of_birth>
    <death_date_P81a>1988-08-12T00:00:00Z</death_date_P81a>
    <death_date_P81b>1988-08-12T23:59:59Z</death_date_P81b>
    <place_of_death>NoHo</place_of_death>
    <place_of_death_WKT>POINT (-73.99253 40.72863)</place_of_death_WKT>
    <country_of_death>United States of America</country_of_death>
    <gender_name>male</gender_name>
    <Owner></Owner>
    <Place></Place>
    <owner_place></owner_place>
    <owner_place_wkt></owner_place_wkt>
    <owner_country></owner_country>
    <Title>Venus I BASQUIAT</Title>
    <year_P82b_datetime>1983-12-31T00:00:00Z</year_P82b_datetime>
    <year_P82a_datetime>1983-01-01T00:00:00Z</year_P82a_datetime>
    <Year_Type></Year_Type>
  </row>
  <row>
    <id>7</id>
    <Ref_No>401w</Ref_No>
    <Inventory_No></Inventory_No>
    <Artist>DINE, Jim</Artist>
    <getty_url>http://vocab.getty.edu/ulan/500028463</getty_url>
    <Description>Zie AW#1970 en REF.PC#7280,p.32</Description>
    <Medium>bois peint</Medium>
    <Dimension_H>200</Dimension_H>
    <Dimension_W>68.5</Dimension_W>
    <Dimension_D>66</Dimension_D>
    <Type>Sculpture</Type>
    <birth_date_P81a>1935-06-16T00:00:00Z</birth_date_P81a>
    <birth_date_P81b>1935-06-16T23:59:59Z</birth_date_P81b>
    <place_of_birth>Cincinnati</place_of_birth>
    <place_of_birth_WKT>POINT (-84.5 39.133333333333)</place_of_birth_WKT>
    <country_of_birth>United States of America</country_of_birth>
    <death_date_P81a></death_date_P81a>
    <death_date_P81b></death_date_P81b>
    <place_of_death></place_of_death>
    <place_of_death_WKT></place_of_death_WKT>
    <country_of_death></country_of_death>
    <gender_name>male</gender_name>
    <Owner></Owner>
    <Place></Place>
    <owner_place></owner_place>
    <owner_place_wkt></owner_place_wkt>
    <owner_country></owner_country>
    <Title>Black Venus</Title>
    <year_P82b_datetime>1991-12-31T00:00:00Z</year_P82b_datetime>
    <year_P82a_datetime>1991-01-01T00:00:00Z</year_P82a_datetime>
    <Year_Type></Year_Type>
  </row>
  <row>
    <id>8</id>
    <Ref_No>412w</Ref_No>
    <Inventory_No></Inventory_No>
    <Artist>KUSAMA, Yayoi</Artist>
    <getty_url>http://vocab.getty.edu/ulan/500122518</getty_url>
    <Description>b.1929\nHONG KONG.- Seoul Auction, Korea’s leading art auction house, will present an exceptional array of Western and Asian art in the Modern and Contemporary Art sale to be held on 15 May, 2009 at 2pm at the Grand Hyatt Hong Kong. A total of 112 works with an estimated total value of HK$78 million (US$10 million) by leading Western and Asian artists and emerging artists from Korea, Japan, China, Indonesia and India will be featured, reflecting the dynamic vibrancy of Asian artistic talent. 
o c &amp; fiberglas (1-10)/60x60x21</Description>
    <Medium>technique mixte</Medium>
    <Dimension_H>227</Dimension_H>
    <Dimension_W>145</Dimension_W>
    <Dimension_D>60</Dimension_D>
    <Type>Sculpture</Type>
    <birth_date_P81a>1929-03-22T00:00:00Z</birth_date_P81a>
    <birth_date_P81b>1929-03-22T23:59:59Z</birth_date_P81b>
    <place_of_birth>Matsumoto</place_of_birth>
    <place_of_birth_WKT>POINT (137.97194444444 36.238055555556)</place_of_birth_WKT>
    <country_of_birth>Japan</country_of_birth>
    <death_date_P81a></death_date_P81a>
    <death_date_P81b></death_date_P81b>
    <place_of_death></place_of_death>
    <place_of_death_WKT></place_of_death_WKT>
    <country_of_death></country_of_death>
    <gender_name>female</gender_name>
    <Owner></Owner>
    <Place></Place>
    <owner_place></owner_place>
    <owner_place_wkt></owner_place_wkt>
    <owner_country></owner_country>
    <Title>Venus obliterated by Infinity Nets</Title>
    <year_P82b_datetime>1998-12-31T00:00:00Z</year_P82b_datetime>
    <year_P82a_datetime>1998-01-01T00:00:00Z</year_P82a_datetime>
    <Year_Type></Year_Type>
  </row>
  <row>
    <id>9</id>
    <Ref_No>450w</Ref_No>
    <Inventory_No></Inventory_No>
    <Artist>WARHOL, Andy</Artist>
    <getty_url>http://vocab.getty.edu/ulan/500006031</getty_url>
    <Description>(Sandro Botticelli: Birth of Venus,1482)</Description>
    <Medium>screenprint in colors</Medium>
    <Dimension_H>122</Dimension_H>
    <Dimension_W>183</Dimension_W>
    <Dimension_D></Dimension_D>
    <Type>Print</Type>
    <birth_date_P81a>1928-08-06T00:00:00Z</birth_date_P81a>
    <birth_date_P81b>1928-08-06T23:59:59Z</birth_date_P81b>
    <place_of_birth>Pittsburgh</place_of_birth>
    <place_of_birth_WKT>POINT (-80 40.45)</place_of_birth_WKT>
    <country_of_birth>United States of America</country_of_birth>
    <death_date_P81a>1987-02-22T00:00:00Z</death_date_P81a>
    <death_date_P81b>1987-02-22T23:59:59Z</death_date_P81b>
    <place_of_death>New York City</place_of_death>
    <place_of_death_WKT>POINT (-73.94 40.67)</place_of_death_WKT>
    <country_of_death>United States of America</country_of_death>
    <gender_name>male</gender_name>
    <Owner></Owner>
    <Place></Place>
    <owner_place></owner_place>
    <owner_place_wkt></owner_place_wkt>
    <owner_country></owner_country>
    <Title>Birth of Venus II.?</Title>
    <year_P82b_datetime>1984-12-31T00:00:00Z</year_P82b_datetime>
    <year_P82a_datetime>1984-01-01T00:00:00Z</year_P82a_datetime>
    <Year_Type></Year_Type>
  </row>
  <row>
    <id>10</id>
    <Ref_No>499w</Ref_No>
    <Inventory_No>2800/661</Inventory_No>
    <Artist>DINE, Jim</Artist>
    <getty_url>http://vocab.getty.edu/ulan/500028463</getty_url>
    <Description>Dine Jim Double Venus in the Sky at Night \nType: Art Print  Size (''): 37 x 22  Size (cm): 94 x 56  Availability: Usually ships
within 2-5 days Item#: 2800661 Price (US$): 54.74 Description Jim Dine (b. 1935) DOUBLE VENUS IN THE SKY AT NIGHT (D.'O. &amp; F. 166) Screenprint and lithograph printed in colors, 1984, signed in pencil, dated and inscribed 'P/P', a printer's proof, aside from the numbered edition of 50 (total edition includes 6 artist's proofs), on William Morris Nonesuch buff paper, published by Pace Editions, Inc., New York, with full margins, in good condition, framed 992 by 715mm. 39 by 28 1/8 in. Estimate:
$ 10,000 - $ 12,000  Price Realized:
$ 14,400   
http://www.artfact.com/features/artistLot.cfm?iid=kwIXS528
Artnet>Double Venus in the Sky at Night
\tHERSTELLER:  	Jim Dine (American, b.1935)
	ENTSTEHUNGSJAHR:  	1984
	KATEGORIE:  	Druckgrafik und Editionen
	MATERIAL:  	Screenprint and lithograph on William Morris Nonesuch buff
	EDITION/AUFLAGE VON:  	50 plus 6 artist's proofs
	KENNZEICHNUNG:  	Signed, dated and numbered in pencil
	GRÖSSE:  	Image: 39 x 28.25 inches
Sheet: 41.25 x 30.25 inches
	STIL:  	Zeitgenössisch
	PREIS*:  	Contact Gallery for Price
	GALERIE:  	Los Angeles, California Leslie Sacks Fine Art</Description>
    <Medium>screenprint and lithograph</Medium>
    <Dimension_H>94</Dimension_H>
    <Dimension_W>56</Dimension_W>
    <Dimension_D></Dimension_D>
    <Type>Print</Type>
    <birth_date_P81a>1935-06-16T00:00:00Z</birth_date_P81a>
    <birth_date_P81b>1935-06-16T23:59:59Z</birth_date_P81b>
    <place_of_birth>Cincinnati</place_of_birth>
    <place_of_birth_WKT>POINT (-84.5 39.133333333333)</place_of_birth_WKT>
    <country_of_birth>United States of America</country_of_birth>
    <death_date_P81a></death_date_P81a>
    <death_date_P81b></death_date_P81b>
    <place_of_death></place_of_death>
    <place_of_death_WKT></place_of_death_WKT>
    <country_of_death></country_of_death>
    <gender_name>male</gender_name>
    <Owner>Sotheby's</Owner>
    <Place>New York</Place>
    <owner_place>New York City</owner_place>
    <owner_place_wkt>POINT (-73.94 40.67)</owner_place_wkt>
    <owner_country>United States of America</owner_country>
    <Title>Double Venus in the Sky at Night</Title>
    <year_P82b_datetime>1978-12-31T00:00:00Z</year_P82b_datetime>
    <year_P82a_datetime>1978-01-01T00:00:00Z</year_P82a_datetime>
    <Year_Type>circa</Year_Type>
  </row>
  <row>
    <id>11</id>
    <Ref_No>500w</Ref_No>
    <Inventory_No>N08237/429</Inventory_No>
    <Artist>DINE, Jim</Artist>
    <getty_url>http://vocab.getty.edu/ulan/500028463</getty_url>
    <Description>Albertina Venus \n 
 ARTIST:  Jim Dine 
 
 GALLERY:  Leslie Sacks Fine Art  (310) 820-9448  alex@lesliesacks.com 
 
 WORK DATE:  1989 
 
 CATEGORY:  Prints 
 
 MATERIALS:  etching  
 
 SIZE:  h: 18 x w: 12.2 in / h: 45.7 x w: 31 cm 
 
 REGION:  American 
 
 PRICE:  Contact Gallery for Price 
 
 DESCRIPTION:  edition of 100 + 32 proofs  
 
 EXHIBITIONS:  Jim Dine  03/27/04-05/12/04</Description>
    <Medium>etching and aquatint printed in colors 67/100</Medium>
    <Dimension_H>45.7</Dimension_H>
    <Dimension_W>31</Dimension_W>
    <Dimension_D></Dimension_D>
    <Type>Print</Type>
    <birth_date_P81a>1935-06-16T00:00:00Z</birth_date_P81a>
    <birth_date_P81b>1935-06-16T23:59:59Z</birth_date_P81b>
    <place_of_birth>Cincinnati</place_of_birth>
    <place_of_birth_WKT>POINT (-84.5 39.133333333333)</place_of_birth_WKT>
    <country_of_birth>United States of America</country_of_birth>
    <death_date_P81a></death_date_P81a>
    <death_date_P81b></death_date_P81b>
    <place_of_death></place_of_death>
    <place_of_death_WKT></place_of_death_WKT>
    <country_of_death></country_of_death>
    <gender_name>male</gender_name>
    <Owner>Sotheby's</Owner>
    <Place>New York</Place>
    <owner_place>New York City</owner_place>
    <owner_place_wkt>POINT (-73.94 40.67)</owner_place_wkt>
    <owner_country>United States of America</owner_country>
    <Title>Albertina Venus  (CARPENTER 33)</Title>
    <year_P82b_datetime>1989-12-31T00:00:00Z</year_P82b_datetime>
    <year_P82a_datetime>1989-01-01T00:00:00Z</year_P82a_datetime>
    <Year_Type></Year_Type>
  </row>
  <row>
    <id>12</id>
    <Ref_No>501w</Ref_No>
    <Inventory_No></Inventory_No>
    <Artist>DINE, Jim</Artist>
    <getty_url>http://vocab.getty.edu/ulan/500028463</getty_url>
    <Description>Double Red Venus \n 
 ARTIST:  Jim Dine 
 
 GALLERY:  Jim Kempner Fine Art  (212) 206-6872  jimkempner.fineart@verizon.net 
 
 WORK DATE:  2002 
 
 CATEGORY:  Prints 
 
 MATERIALS:  Handcolored etching and lithography 
 
 EDITION/SET OF:  22 
 
 SIZE:  h: 39.2 x w: 27.8 in / h: 99.6 x w: 70.6 cm 
 
 REGION:  American 
 
 STYLE:  Contemporary 
 
 PRICE:  Contact Gallery for Price</Description>
    <Medium>handcolored etching and lithography</Medium>
    <Dimension_H>99.6</Dimension_H>
    <Dimension_W>70.6</Dimension_W>
    <Dimension_D></Dimension_D>
    <Type>Print</Type>
    <birth_date_P81a>1935-06-16T00:00:00Z</birth_date_P81a>
    <birth_date_P81b>1935-06-16T23:59:59Z</birth_date_P81b>
    <place_of_birth>Cincinnati</place_of_birth>
    <place_of_birth_WKT>POINT (-84.5 39.133333333333)</place_of_birth_WKT>
    <country_of_birth>United States of America</country_of_birth>
    <death_date_P81a></death_date_P81a>
    <death_date_P81b></death_date_P81b>
    <place_of_death></place_of_death>
    <place_of_death_WKT></place_of_death_WKT>
    <country_of_death></country_of_death>
    <gender_name>male</gender_name>
    <Owner>Jim Kempner Fine Art</Owner>
    <Place>New York City</Place>
    <owner_place>New York City</owner_place>
    <owner_place_wkt>POINT (-73.94 40.67)</owner_place_wkt>
    <owner_country>United States of America</owner_country>
    <Title>Double Red Venus</Title>
    <year_P82b_datetime>2002-12-31T00:00:00Z</year_P82b_datetime>
    <year_P82a_datetime>2002-01-01T00:00:00Z</year_P82a_datetime>
    <Year_Type></Year_Type>
  </row>
  <row>
    <id>13</id>
    <Ref_No>502w</Ref_No>
    <Inventory_No>N07787/430</Inventory_No>
    <Artist>DINE, Jim</Artist>
    <getty_url>http://vocab.getty.edu/ulan/500028463</getty_url>
    <Description>Night Venus and Sappho \n 
 ARTIST:  Jim Dine 
 
 GALLERY:  Annalie's Fine Art Gallery  (831) 425-0554  annalie@pacbell.net 
 
 WORK DATE:  1985 
 
 CATEGORY:  Prints 
 
 MATERIALS:  Etching, drypoint and photogravure with water color printed in white on black Arches with hand painting 
 
 EDITION/SET OF:  3/15 
 
 MARKINGS:  Signed, dated and numbered by the artist 
 
 SIZE:  h: 33.8 x w: 25.8 in / h: 85.9 x w: 65.5 cm 
 
 REGION:  American 
 
 STYLE:  Pop Art 
 
 PRICE:  Contact Gallery for Price 
 
 
PRINTS
SALE N07787  AUCTION DATE
 
 

SESSION 3 | 04 May 02 10:15 AM.
 
  LOCATION
 
 

New York  
 
 
 
 LOT 430 (of 567)
   Jump to:
     PREVIOUS LOT  |  NEXT LOT 
  
 
 
 
   
  LOT 430

JIM DINE 
B. 1935
NIGHT VENUS AND SAPPHO (D'O. &amp; F. 193)


2,000—2,500 USD
Lot Sold.  Hammer Price with Buyer's Premium:   1,912 USD    PLACE ABSENTEE BID

PURCHASE CATALOGUE

EMAIL THIS LOT TO A FRIEND

KEY TO LETTER SYMBOLS

CURRENCY CONVERTER
 
  
 
 
 
 
MEASUREMENTS 
 
 
860 by 660mm. 33 7/8 by 26in.


 
DESCRIPTION 
 
 
Soft-ground etching, with hand additions in gesso and crayon, 1985, signed in pencil, dated and inscribed 'A/P', one of six artist's proofs, aside from the numbered edition of 15, on black Arches paper, published by Pace Editions, Inc., New York, with full margins, in good condition apart from a short tear at the left sheet edge, two small creases at the right corners</Description>
    <Medium></Medium>
    <Dimension_H>85.9</Dimension_H>
    <Dimension_W>65.5</Dimension_W>
    <Dimension_D></Dimension_D>
    <Type>Print</Type>
    <birth_date_P81a>1935-06-16T00:00:00Z</birth_date_P81a>
    <birth_date_P81b>1935-06-16T23:59:59Z</birth_date_P81b>
    <place_of_birth>Cincinnati</place_of_birth>
    <place_of_birth_WKT>POINT (-84.5 39.133333333333)</place_of_birth_WKT>
    <country_of_birth>United States of America</country_of_birth>
    <death_date_P81a></death_date_P81a>
    <death_date_P81b></death_date_P81b>
    <place_of_death></place_of_death>
    <place_of_death_WKT></place_of_death_WKT>
    <country_of_death></country_of_death>
    <gender_name>male</gender_name>
    <Owner>Sotheby's</Owner>
    <Place>New York</Place>
    <owner_place>New York City</owner_place>
    <owner_place_wkt>POINT (-73.94 40.67)</owner_place_wkt>
    <owner_country>United States of America</owner_country>
    <Title>Night Venus and Sappho</Title>
    <year_P82b_datetime>1985-12-31T00:00:00Z</year_P82b_datetime>
    <year_P82a_datetime>1985-01-01T00:00:00Z</year_P82a_datetime>
    <Year_Type></Year_Type>
  </row>
  <row>
    <id>14</id>
    <Ref_No>503w</Ref_No>
    <Inventory_No>1555/73</Inventory_No>
    <Artist>DINE, Jim</Artist>
    <getty_url>http://vocab.getty.edu/ulan/500028463</getty_url>
    <Description>Red, White and Blue Venus for Mondale \n 
 ARTIST:  Jim Dine 
 
 GALLERY:  Leslie Sacks Fine Art  (310) 820-9448  alex@lesliesacks.com 
 
 WORK DATE:  1984 
 
 CATEGORY:  Prints 
 
 MATERIALS:  Silkscreen on Rives BFK paper
Stamped on the reverse with title and silk screen print from a monotype: edition 150  
 
 EDITION/SET OF:  150 + 5 AP + 5 PP + 3 HC 
 
 SIZE:  h: 18 x w: 30 in / h: 45.7 x w: 76.2 cm 
 
 PRICE:  Contact Gallery for Price 
 
 Prints and Multiples

 
Location New York, Rockefeller Plaza Sale Date Sep 28, 2005 - Sep 29, 2005 
Lot Number 73 Sale Number 1555 
Creator JIM DINE 
 
Lot Title The Red, White and Blue Venus for Mondale (D.'O. and F. 182) 
 
Estimate 2,000 - 3,000 U.S. dollars 
Pre-lot Text Property of a Private West Coast Collector 
Lot Description JIM DINE 
The Red, White and Blue Venus for Mondale (D.'O. and F. 182) 
screenprint in colors, 1984, on wove paper, signed in pencil, numbered 89/150 (there were also 5 artist's proofs), published by Pace Editions, Inc., New York, the full sheet, in excellent condition, framed
S. 30 x 18 in. (762 x 457 mm.)</Description>
    <Medium>silkscreen on rives bfk paper</Medium>
    <Dimension_H>76.2</Dimension_H>
    <Dimension_W>45.7</Dimension_W>
    <Dimension_D></Dimension_D>
    <Type>Print</Type>
    <birth_date_P81a>1935-06-16T00:00:00Z</birth_date_P81a>
    <birth_date_P81b>1935-06-16T23:59:59Z</birth_date_P81b>
    <place_of_birth>Cincinnati</place_of_birth>
    <place_of_birth_WKT>POINT (-84.5 39.133333333333)</place_of_birth_WKT>
    <country_of_birth>United States of America</country_of_birth>
    <death_date_P81a></death_date_P81a>
    <death_date_P81b></death_date_P81b>
    <place_of_death></place_of_death>
    <place_of_death_WKT></place_of_death_WKT>
    <country_of_death></country_of_death>
    <gender_name>male</gender_name>
    <Owner>Christie's</Owner>
    <Place>New York</Place>
    <owner_place>New York City</owner_place>
    <owner_place_wkt>POINT (-73.94 40.67)</owner_place_wkt>
    <owner_country>United States of America</owner_country>
    <Title>Red, White and Blue Venus ...</Title>
    <year_P82b_datetime>1984-12-31T00:00:00Z</year_P82b_datetime>
    <year_P82a_datetime>1984-01-01T00:00:00Z</year_P82a_datetime>
    <Year_Type></Year_Type>
  </row>
  <row>
    <id>15</id>
    <Ref_No>504w</Ref_No>
    <Inventory_No></Inventory_No>
    <Artist>DINE, Jim</Artist>
    <getty_url>http://vocab.getty.edu/ulan/500028463</getty_url>
    <Description>Venus and the Powdered Stone \n 
 ARTIST:  Jim Dine 
 
 GALLERY:  Leslie Sacks Fine Art  (310) 820-9448  alex@lesliesacks.com 
 
 WORK DATE:  1993 
 
 CATEGORY:  Prints 
 
 MATERIALS:  Etching with hand coloring on Folio Antique paper 
Numbered, signed and dated 
 
 EDITION/SET OF:  40 + 19 AP's 
 
 SIZE:  h: 49 x w: 33 in / h: 124.5 x w: 83.8 cm 
 
 PRICE:  Contact Gallery for Price 
Zie AW#1970 en REF.PC#7280,p.86</Description>
    <Medium>etching with hand coloring on folio antique paper</Medium>
    <Dimension_H>124</Dimension_H>
    <Dimension_W>83?8</Dimension_W>
    <Dimension_D></Dimension_D>
    <Type>Print</Type>
    <birth_date_P81a>1935-06-16T00:00:00Z</birth_date_P81a>
    <birth_date_P81b>1935-06-16T23:59:59Z</birth_date_P81b>
    <place_of_birth>Cincinnati</place_of_birth>
    <place_of_birth_WKT>POINT (-84.5 39.133333333333)</place_of_birth_WKT>
    <country_of_birth>United States of America</country_of_birth>
    <death_date_P81a></death_date_P81a>
    <death_date_P81b></death_date_P81b>
    <place_of_death></place_of_death>
    <place_of_death_WKT></place_of_death_WKT>
    <country_of_death></country_of_death>
    <gender_name>male</gender_name>
    <Owner></Owner>
    <Place></Place>
    <owner_place></owner_place>
    <owner_place_wkt></owner_place_wkt>
    <owner_country></owner_country>
    <Title>Venus and Powdered Stone</Title>
    <year_P82b_datetime>1993-12-31T00:00:00Z</year_P82b_datetime>
    <year_P82a_datetime>1993-01-01T00:00:00Z</year_P82a_datetime>
    <Year_Type></Year_Type>
  </row>
  <row>
    <id>16</id>
    <Ref_No>516w</Ref_No>
    <Inventory_No></Inventory_No>
    <Artist>DINE, Jim</Artist>
    <getty_url>http://vocab.getty.edu/ulan/500028463</getty_url>
    <Description></Description>
    <Medium>bois peint</Medium>
    <Dimension_H>195</Dimension_H>
    <Dimension_W>71</Dimension_W>
    <Dimension_D>73.6</Dimension_D>
    <Type>Sculpture</Type>
    <birth_date_P81a>1935-06-16T00:00:00Z</birth_date_P81a>
    <birth_date_P81b>1935-06-16T23:59:59Z</birth_date_P81b>
    <place_of_birth>Cincinnati</place_of_birth>
    <place_of_birth_WKT>POINT (-84.5 39.133333333333)</place_of_birth_WKT>
    <country_of_birth>United States of America</country_of_birth>
    <death_date_P81a></death_date_P81a>
    <death_date_P81b></death_date_P81b>
    <place_of_death></place_of_death>
    <place_of_death_WKT></place_of_death_WKT>
    <country_of_death></country_of_death>
    <gender_name>male</gender_name>
    <Owner>Wildenstein &amp; Co. Inc.</Owner>
    <Place>New York</Place>
    <owner_place>New York City</owner_place>
    <owner_place_wkt>POINT (-73.94 40.67)</owner_place_wkt>
    <owner_country>United States of America</owner_country>
    <Title>The field of the cloth of gold</Title>
    <year_P82b_datetime>1987-12-31T00:00:00Z</year_P82b_datetime>
    <year_P82a_datetime>1987-01-01T00:00:00Z</year_P82a_datetime>
    <Year_Type>circa</Year_Type>
  </row>
  <row>
    <id>17</id>
    <Ref_No>710w</Ref_No>
    <Inventory_No>21.5.1</Inventory_No>
    <Artist>PUTNAM, Arthur</Artist>
    <getty_url>http://vocab.getty.edu/ulan/500084306</getty_url>
    <Description>Arthur Putnam American, 1873 - 1930\nTwilight Venus holding staff, 1909
bronze
35 x 14 x 12 (88.9 x 35.6 x 30.5 cm)
Gift of Alma de Bretteville Spreckels 1932.21.5.1</Description>
    <Medium>bronze</Medium>
    <Dimension_H>88.9</Dimension_H>
    <Dimension_W>35.6</Dimension_W>
    <Dimension_D>30.5</Dimension_D>
    <Type>Sculpture</Type>
    <birth_date_P81a>1873-09-06T00:00:00Z</birth_date_P81a>
    <birth_date_P81b>1873-09-06T23:59:59Z</birth_date_P81b>
    <place_of_birth>Waveland</place_of_birth>
    <place_of_birth_WKT>POINT (-89.383611111111 30.289722222222)</place_of_birth_WKT>
    <country_of_birth>United States of America</country_of_birth>
    <death_date_P81a>1930-05-27T00:00:00Z</death_date_P81a>
    <death_date_P81b>1930-05-27T23:59:59Z</death_date_P81b>
    <place_of_death>Ville-d'Avray</place_of_death>
    <place_of_death_WKT>POINT (2.1933333333333 48.826111111111)</place_of_death_WKT>
    <country_of_death>France</country_of_death>
    <gender_name>male</gender_name>
    <Owner>Fine Arts Museums of San Francisco</Owner>
    <Place>San Francisco</Place>
    <owner_place>San Francisco</owner_place>
    <owner_place_wkt>POINT (-122.41638888888889 37.7775)</owner_place_wkt>
    <owner_country>United States of America</owner_country>
    <Title>Twilight Venus holding staff</Title>
    <year_P82b_datetime>1909-12-31T00:00:00Z</year_P82b_datetime>
    <year_P82a_datetime>1909-01-01T00:00:00Z</year_P82a_datetime>
    <Year_Type></Year_Type>
  </row>
  <row>
    <id>18</id>
    <Ref_No>711w</Ref_No>
    <Inventory_No>136.2</Inventory_No>
    <Artist>PUTNAM, Arthur</Artist>
    <getty_url>http://vocab.getty.edu/ulan/500084306</getty_url>
    <Description>Arthur Putnam American, 1873 - 1930\nVenus Seated, 19th - 20th century
plaster
7 1/4 x 3 3/4 x 4 1/4 (18.4 x 9.5 x 10.8 cm)
Gift of Alma de Bretteville Spreckels 1924.136.2</Description>
    <Medium>plaster</Medium>
    <Dimension_H>18.4</Dimension_H>
    <Dimension_W>9.5</Dimension_W>
    <Dimension_D>10.8</Dimension_D>
    <Type>Sculpture</Type>
    <birth_date_P81a>1873-09-06T00:00:00Z</birth_date_P81a>
    <birth_date_P81b>1873-09-06T23:59:59Z</birth_date_P81b>
    <place_of_birth>Waveland</place_of_birth>
    <place_of_birth_WKT>POINT (-89.383611111111 30.289722222222)</place_of_birth_WKT>
    <country_of_birth>United States of America</country_of_birth>
    <death_date_P81a>1930-05-27T00:00:00Z</death_date_P81a>
    <death_date_P81b>1930-05-27T23:59:59Z</death_date_P81b>
    <place_of_death>Ville-d'Avray</place_of_death>
    <place_of_death_WKT>POINT (2.1933333333333 48.826111111111)</place_of_death_WKT>
    <country_of_death>France</country_of_death>
    <gender_name>male</gender_name>
    <Owner>Fine Arts Museums of San Francisco</Owner>
    <Place>San Francisco</Place>
    <owner_place>San Francisco</owner_place>
    <owner_place_wkt>POINT (-122.41638888888889 37.7775)</owner_place_wkt>
    <owner_country>United States of America</owner_country>
    <Title>Venus Seated (plaster)</Title>
    <year_P82b_datetime>1900-12-31T00:00:00Z</year_P82b_datetime>
    <year_P82a_datetime>1900-01-01T00:00:00Z</year_P82a_datetime>
    <Year_Type>circa</Year_Type>
  </row>
</rows>